Programming,Links
React Native,https://play.google.com/store/apps/details?id=com.scaffold.instagroup
IOS,https://apps.apple.com/us/app/didgly/id6475385102
Word Press,https://wildernesswear.com.au/
Magento 2,https://www.cycologygear.com/
Laravel,https://bigtalks.com.au/
Android,https://apps.apple.com/us/app/scenario/id6450659553
SEO,https://www.a1-clutches.co.uk/
Shopify,https://eu.manduka.com/
"Flutter, PHP",https://play.google.com/store/apps/details?id=com.high.hightournaments&hl=en_US&gl=US
ASP.Net,https://www.visagenie.co.uk/
"HTML, JQuery",https://www.twinklediamonds.com.au/
